n,p,DPAvgValidPaths,DPAvgOptimalPaths,RecAvgValidPaths,RecAvgOptimalPaths
2,0.000000,2.000000,2.000000,2.000000,2.000000
2,0.250000,1.000000,1.000000,1.000000,1.000000
2,0.500000,0.000000,0.000000,0.000000,0.000000
2,0.750000,0.000000,0.000000,0.000000,0.000000
2,1.000000,0.000000,0.000000,0.000000,0.000000
3,0.000000,6.000000,2.000000,6.000000,2.000000
3,0.111111,3.333333,1.333333,3.333333,1.333333
3,0.222222,2.285714,1.142857,2.285714,1.142857
3,0.333333,2.000000,1.000000,2.000000,1.000000
3,0.444444,1.000000,1.000000,1.000000,1.000000
3,0.555556,0.000000,0.000000,0.000000,0.000000
3,0.666667,0.000000,0.000000,0.000000,0.000000
3,0.777778,0.000000,0.000000,0.000000,0.000000
3,0.888889,0.000000,0.000000,0.000000,0.000000
3,1.000000,0.000000,0.000000,0.000000,0.000000
4,0.000000,20.000000,2.000000,20.000000,2.000000
4,0.062500,13.000000,1.000000,13.000000,1.000000
4,0.125000,8.875000,1.500000,8.875000,1.500000
4,0.187500,3.857143,1.142857,3.857143,1.142857
4,0.250000,3.750000,1.500000,3.750000,1.500000
4,0.312500,0.000000,0.000000,0.000000,0.000000
4,0.375000,1.500000,1.000000,1.500000,1.000000
4,0.437500,0.000000,0.000000,0.000000,0.000000
4,0.500000,1.000000,1.000000,1.000000,1.000000
4,0.562500,0.000000,0.000000,0.000000,0.000000
4,0.625000,0.000000,0.000000,0.000000,0.000000
4,0.687500,0.000000,0.000000,0.000000,0.000000
4,0.750000,0.000000,0.000000,0.000000,0.000000
4,0.812500,0.000000,0.000000,0.000000,0.000000
4,0.875000,0.000000,0.000000,0.000000,0.000000
4,0.937500,0.000000,0.000000,0.000000,0.000000
4,1.000000,0.000000,0.000000,0.000000,0.000000
5,0.000000,70.000000,2.000000,70.000000,2.000000
5,0.040000,48.666667,1.555556,48.666667,1.555556
5,0.080000,36.666667,2.000000,36.666667,2.000000
5,0.120000,24.111111,1.444444,24.111111,1.444444
5,0.160000,12.333333,2.166667,12.333333,2.166667
5,0.200000,12.750000,1.500000,12.750000,1.500000
5,0.240000,4.800000,1.600000,4.800000,1.600000
5,0.280000,6.500000,1.500000,6.500000,1.500000
5,0.320000,7.500000,1.000000,7.500000,1.000000
5,0.360000,2.333333,1.000000,2.333333,1.000000
5,0.400000,4.000000,3.000000,4.000000,3.000000
5,0.440000,0.000000,0.000000,0.000000,0.000000
5,0.480000,0.000000,0.000000,0.000000,0.000000
5,0.520000,0.000000,0.000000,0.000000,0.000000
5,0.560000,0.000000,0.000000,0.000000,0.000000
5,0.600000,0.000000,0.000000,0.000000,0.000000
5,0.640000,0.000000,0.000000,0.000000,0.000000
5,0.680000,0.000000,0.000000,0.000000,0.000000
5,0.720000,0.000000,0.000000,0.000000,0.000000
5,0.760000,0.000000,0.000000,0.000000,0.000000
5,0.800000,0.000000,0.000000,0.000000,0.000000
5,0.840000,0.000000,0.000000,0.000000,0.000000
5,0.880000,0.000000,0.000000,0.000000,0.000000
5,0.920000,0.000000,0.000000,0.000000,0.000000
5,0.960000,0.000000,0.000000,0.000000,0.000000
5,1.000000,0.000000,0.000000,0.000000,0.000000
6,0.000000,252.000000,2.000000,252.000000,2.000000
6,0.027778,178.666667,1.444444,178.666667,1.444444
6,0.055556,137.000000,1.700000,137.000000,1.700000
6,0.083333,103.000000,2.250000,103.000000,2.250000
6,0.111111,62.111111,1.333333,62.111111,1.333333
6,0.138889,33.125000,1.125000,33.125000,1.125000
6,0.166667,41.200000,1.400000,41.200000,1.400000
6,0.194444,22.500000,1.000000,22.500000,1.000000
6,0.222222,25.000000,2.285714,25.000000,2.285714
6,0.250000,9.600000,1.600000,9.600000,1.600000
6,0.277778,13.333333,1.333333,13.333333,1.333333
6,0.305556,6.000000,1.000000,6.000000,1.000000
6,0.333333,5.000000,1.000000,5.000000,1.000000
6,0.361111,0.000000,0.000000,0.000000,0.000000
6,0.388889,0.000000,0.000000,0.000000,0.000000
6,0.416667,4.000000,1.000000,4.000000,1.000000
6,0.444444,0.000000,0.000000,0.000000,0.000000
6,0.472222,0.000000,0.000000,0.000000,0.000000
6,0.500000,0.000000,0.000000,0.000000,0.000000
6,0.527778,0.000000,0.000000,0.000000,0.000000
6,0.555556,0.000000,0.000000,0.000000,0.000000
6,0.583333,0.000000,0.000000,0.000000,0.000000
6,0.611111,0.000000,0.000000,0.000000,0.000000
6,0.638889,0.000000,0.000000,0.000000,0.000000
6,0.666667,0.000000,0.000000,0.000000,0.000000
6,0.694444,0.000000,0.000000,0.000000,0.000000
6,0.722222,0.000000,0.000000,0.000000,0.000000
6,0.750000,0.000000,0.000000,0.000000,0.000000
6,0.777778,0.000000,0.000000,0.000000,0.000000
6,0.805556,0.000000,0.000000,0.000000,0.000000
6,0.833333,0.000000,0.000000,0.000000,0.000000
6,0.861111,0.000000,0.000000,0.000000,0.000000
6,0.888889,0.000000,0.000000,0.000000,0.000000
6,0.916667,0.000000,0.000000,0.000000,0.000000
6,0.944444,0.000000,0.000000,0.000000,0.000000
6,0.972222,0.000000,0.000000,0.000000,0.000000
6,1.000000,0.000000,0.000000,0.000000,0.000000
7,0.000000,924.000000,2.000000,924.000000,2.000000
7,0.020408,678.300000,1.500000,678.300000,1.500000
7,0.040816,549.800000,2.000000,549.800000,2.000000
7,0.061224,359.375000,2.375000,359.375000,2.375000
7,0.081633,401.666667,2.666667,401.666667,2.666667
7,0.102041,227.000000,1.500000,227.000000,1.500000
7,0.122449,144.571429,3.428571,144.571429,3.428571
7,0.142857,134.888889,1.333333,134.888889,1.333333
7,0.163265,116.000000,3.000000,116.000000,3.000000
7,0.183673,94.000000,2.000000,94.000000,2.000000
7,0.204082,84.166667,3.333333,84.166667,3.333333
7,0.224490,28.250000,1.125000,28.250000,1.125000
7,0.244898,29.500000,3.000000,29.500000,3.000000
7,0.265306,9.000000,2.200000,9.000000,2.200000
7,0.285714,24.000000,1.666667,24.000000,1.666667
7,0.306122,18.000000,1.000000,18.000000,1.000000
7,0.326531,8.000000,1.250000,8.000000,1.250000
7,0.346939,20.000000,1.000000,20.000000,1.000000
7,0.367347,3.000000,1.000000,3.000000,1.000000
7,0.387755,0.000000,0.000000,0.000000,0.000000
7,0.408163,4.000000,2.000000,4.000000,2.000000
7,0.428571,0.000000,0.000000,0.000000,0.000000
7,0.448980,0.000000,0.000000,0.000000,0.000000
7,0.469388,0.000000,0.000000,0.000000,0.000000
7,0.489796,0.000000,0.000000,0.000000,0.000000
7,0.510204,0.000000,0.000000,0.000000,0.000000
7,0.530612,0.000000,0.000000,0.000000,0.000000
7,0.551020,0.000000,0.000000,0.000000,0.000000
7,0.571429,0.000000,0.000000,0.000000,0.000000
7,0.591837,0.000000,0.000000,0.000000,0.000000
7,0.612245,0.000000,0.000000,0.000000,0.000000
7,0.632653,0.000000,0.000000,0.000000,0.000000
7,0.653061,0.000000,0.000000,0.000000,0.000000
7,0.673469,0.000000,0.000000,0.000000,0.000000
7,0.693878,0.000000,0.000000,0.000000,0.000000
7,0.714286,0.000000,0.000000,0.000000,0.000000
7,0.734694,0.000000,0.000000,0.000000,0.000000
7,0.755102,0.000000,0.000000,0.000000,0.000000
7,0.775510,0.000000,0.000000,0.000000,0.000000
7,0.795918,0.000000,0.000000,0.000000,0.000000
7,0.816327,0.000000,0.000000,0.000000,0.000000
7,0.836735,0.000000,0.000000,0.000000,0.000000
7,0.857143,0.000000,0.000000,0.000000,0.000000
7,0.877551,0.000000,0.000000,0.000000,0.000000
7,0.897959,0.000000,0.000000,0.000000,0.000000
7,0.918367,0.000000,0.000000,0.000000,0.000000
7,0.938776,0.000000,0.000000,0.000000,0.000000
7,0.959184,0.000000,0.000000,0.000000,0.000000
7,0.979592,0.000000,0.000000,0.000000,0.000000
7,1.000000,0.000000,0.000000,0.000000,0.000000
8,0.000000,3432.000000,2.000000,3432.000000,2.000000
8,0.015625,2668.000000,1.777778,2668.000000,1.777778
8,0.031250,1447.250000,1.750000,1447.250000,1.750000
8,0.046875,1758.111111,1.888889,1758.111111,1.888889
8,0.062500,1090.444444,1.444444,1090.444444,1.444444
8,0.078125,866.300000,4.500000,866.300000,4.500000
8,0.093750,1150.714286,2.857143,1150.714286,2.857143
8,0.109375,581.250000,2.250000,581.250000,2.250000
8,0.125000,1139.125000,3.875000,1139.125000,3.875000
8,0.140625,348.142857,2.428571,348.142857,2.428571
8,0.156250,163.666667,3.500000,163.666667,3.500000
8,0.171875,72.600000,2.400000,72.600000,2.400000
8,0.187500,293.285714,1.857143,293.285714,1.857143
8,0.203125,53.833333,3.666667,53.833333,3.666667
8,0.218750,55.000000,3.000000,55.000000,3.000000
8,0.234375,92.600000,1.800000,92.600000,1.800000
8,0.250000,70.750000,3.000000,70.750000,3.000000
8,0.265625,12.000000,1.000000,12.000000,1.000000
8,0.281250,25.800000,2.200000,25.800000,2.200000
8,0.296875,180.750000,5.250000,180.750000,5.250000
8,0.312500,33.000000,2.666667,33.000000,2.666667
8,0.328125,0.000000,0.000000,0.000000,0.000000
8,0.343750,5.000000,1.000000,5.000000,1.000000
8,0.359375,3.500000,2.500000,3.500000,2.500000
8,0.375000,0.000000,0.000000,0.000000,0.000000
8,0.390625,0.000000,0.000000,0.000000,0.000000
8,0.406250,0.000000,0.000000,0.000000,0.000000
8,0.421875,0.000000,0.000000,0.000000,0.000000
8,0.437500,0.000000,0.000000,0.000000,0.000000
8,0.453125,0.000000,0.000000,0.000000,0.000000
8,0.468750,0.000000,0.000000,0.000000,0.000000
8,0.484375,0.000000,0.000000,0.000000,0.000000
8,0.500000,0.000000,0.000000,0.000000,0.000000
8,0.515625,0.000000,0.000000,0.000000,0.000000
8,0.531250,0.000000,0.000000,0.000000,0.000000
8,0.546875,0.000000,0.000000,0.000000,0.000000
8,0.562500,0.000000,0.000000,0.000000,0.000000
8,0.578125,0.000000,0.000000,0.000000,0.000000
8,0.593750,0.000000,0.000000,0.000000,0.000000
8,0.609375,0.000000,0.000000,0.000000,0.000000
8,0.625000,0.000000,0.000000,0.000000,0.000000
8,0.640625,0.000000,0.000000,0.000000,0.000000
8,0.656250,0.000000,0.000000,0.000000,0.000000
8,0.671875,0.000000,0.000000,0.000000,0.000000
8,0.687500,0.000000,0.000000,0.000000,0.000000
8,0.703125,0.000000,0.000000,0.000000,0.000000
8,0.718750,0.000000,0.000000,0.000000,0.000000
8,0.734375,0.000000,0.000000,0.000000,0.000000
8,0.750000,0.000000,0.000000,0.000000,0.000000
8,0.765625,0.000000,0.000000,0.000000,0.000000
8,0.781250,0.000000,0.000000,0.000000,0.000000
8,0.796875,0.000000,0.000000,0.000000,0.000000
8,0.812500,0.000000,0.000000,0.000000,0.000000
8,0.828125,0.000000,0.000000,0.000000,0.000000
8,0.843750,0.000000,0.000000,0.000000,0.000000
8,0.859375,0.000000,0.000000,0.000000,0.000000
8,0.875000,0.000000,0.000000,0.000000,0.000000
8,0.890625,0.000000,0.000000,0.000000,0.000000
8,0.906250,0.000000,0.000000,0.000000,0.000000
8,0.921875,0.000000,0.000000,0.000000,0.000000
8,0.937500,0.000000,0.000000,0.000000,0.000000
8,0.953125,0.000000,0.000000,0.000000,0.000000
8,0.968750,0.000000,0.000000,0.000000,0.000000
8,0.984375,0.000000,0.000000,0.000000,0.000000
8,1.000000,0.000000,0.000000,0.000000,0.000000
9,0.000000,12870.000000,2.000000,12870.000000,2.000000
9,0.012346,11131.900000,1.500000,11131.900000,1.500000
9,0.024691,8089.700000,2.100000,8089.700000,2.100000
9,0.037037,6293.700000,1.800000,6293.700000,1.800000
9,0.049383,4039.200000,1.600000,4039.200000,1.600000
9,0.061728,4398.285714,2.285714,4398.285714,2.285714
9,0.074074,3371.125000,1.250000,3371.125000,1.250000
9,0.086420,2456.875000,2.875000,2456.875000,2.875000
9,0.098765,1879.125000,3.250000,1879.125000,3.250000
9,0.111111,1930.285714,2.857143,1930.285714,2.857143
9,0.123457,1299.000000,3.428571,1299.000000,3.428571
9,0.135802,1115.500000,2.900000,1115.500000,2.900000
9,0.148148,744.000000,1.428571,744.000000,1.428571
9,0.160494,571.428571,1.714286,571.428571,1.714286
9,0.172840,203.750000,2.750000,203.750000,2.750000
9,0.185185,876.833333,2.166667,876.833333,2.166667
9,0.197531,382.750000,1.250000,382.750000,1.250000
9,0.209877,300.000000,3.000000,300.000000,3.000000
9,0.222222,213.750000,1.500000,213.750000,1.500000
9,0.234568,53.000000,1.000000,53.000000,1.000000
9,0.246914,45.800000,2.600000,45.800000,2.600000
9,0.259259,40.500000,2.500000,40.500000,2.500000
9,0.271605,140.666667,2.666667,140.666667,2.666667
9,0.283951,13.000000,2.500000,13.000000,2.500000
9,0.296296,26.666667,1.000000,26.666667,1.000000
9,0.308642,0.000000,0.000000,0.000000,0.000000
9,0.320988,9.000000,1.000000,9.000000,1.000000
9,0.333333,8.000000,4.000000,8.000000,4.000000
9,0.345679,0.000000,0.000000,0.000000,0.000000
9,0.358025,8.000000,1.000000,8.000000,1.000000
9,0.370370,66.000000,1.000000,66.000000,1.000000
9,0.382716,0.000000,0.000000,0.000000,0.000000
9,0.395062,44.000000,4.000000,44.000000,4.000000
9,0.407407,0.000000,0.000000,0.000000,0.000000
9,0.419753,18.000000,1.000000,18.000000,1.000000
9,0.432099,0.000000,0.000000,0.000000,0.000000
9,0.444444,2.000000,1.000000,2.000000,1.000000
9,0.456790,0.000000,0.000000,0.000000,0.000000
9,0.469136,0.000000,0.000000,0.000000,0.000000
9,0.481481,0.000000,0.000000,0.000000,0.000000
9,0.493827,0.000000,0.000000,0.000000,0.000000
9,0.506173,0.000000,0.000000,0.000000,0.000000
9,0.518519,0.000000,0.000000,0.000000,0.000000
9,0.530864,0.000000,0.000000,0.000000,0.000000
9,0.543210,0.000000,0.000000,0.000000,0.000000
9,0.555556,0.000000,0.000000,0.000000,0.000000
9,0.567901,0.000000,0.000000,0.000000,0.000000
9,0.580247,0.000000,0.000000,0.000000,0.000000
9,0.592593,0.000000,0.000000,0.000000,0.000000
9,0.604938,0.000000,0.000000,0.000000,0.000000
9,0.617284,0.000000,0.000000,0.000000,0.000000
9,0.629630,0.000000,0.000000,0.000000,0.000000
9,0.641975,0.000000,0.000000,0.000000,0.000000
9,0.654321,0.000000,0.000000,0.000000,0.000000
9,0.666667,0.000000,0.000000,0.000000,0.000000
9,0.679012,0.000000,0.000000,0.000000,0.000000
9,0.691358,0.000000,0.000000,0.000000,0.000000
9,0.703704,0.000000,0.000000,0.000000,0.000000
9,0.716049,0.000000,0.000000,0.000000,0.000000
9,0.728395,0.000000,0.000000,0.000000,0.000000
9,0.740741,0.000000,0.000000,0.000000,0.000000
9,0.753086,0.000000,0.000000,0.000000,0.000000
9,0.765432,0.000000,0.000000,0.000000,0.000000
9,0.777778,0.000000,0.000000,0.000000,0.000000
9,0.790123,0.000000,0.000000,0.000000,0.000000
9,0.802469,0.000000,0.000000,0.000000,0.000000
9,0.814815,0.000000,0.000000,0.000000,0.000000
9,0.827160,0.000000,0.000000,0.000000,0.000000
9,0.839506,0.000000,0.000000,0.000000,0.000000
9,0.851852,0.000000,0.000000,0.000000,0.000000
9,0.864198,0.000000,0.000000,0.000000,0.000000
9,0.876543,0.000000,0.000000,0.000000,0.000000
9,0.888889,0.000000,0.000000,0.000000,0.000000
9,0.901235,0.000000,0.000000,0.000000,0.000000
9,0.913580,0.000000,0.000000,0.000000,0.000000
9,0.925926,0.000000,0.000000,0.000000,0.000000
9,0.938272,0.000000,0.000000,0.000000,0.000000
9,0.950617,0.000000,0.000000,0.000000,0.000000
9,0.962963,0.000000,0.000000,0.000000,0.000000
9,0.975309,0.000000,0.000000,0.000000,0.000000
9,0.987654,0.000000,0.000000,0.000000,0.000000
9,1.000000,0.000000,0.000000,0.000000,0.000000
10,0.000000,48620.000000,2.000000,48620.000000,2.000000
10,0.010000,39913.900000,1.600000,39913.900000,1.600000
10,0.020000,36276.300000,2.000000,36276.300000,2.000000
10,0.030000,31037.555556,2.111111,31037.555556,2.111111
10,0.040000,20051.857143,2.142857,20051.857143,2.142857
10,0.050000,24647.000000,3.444444,24647.000000,3.444444
10,0.060000,16004.444444,2.555556,16004.444444,2.555556
10,0.070000,12834.250000,2.500000,12834.250000,2.500000
10,0.080000,8517.666667,3.000000,8517.666667,3.000000
10,0.090000,10054.625000,4.000000,10054.625000,4.000000
10,0.100000,5756.857143,2.285714,5756.857143,2.285714
10,0.110000,6242.111111,2.333333,6242.111111,2.333333
10,0.120000,4274.571429,2.000000,4274.571429,2.000000
10,0.130000,4523.500000,3.333333,4523.500000,3.333333
10,0.140000,2130.833333,3.166667,2130.833333,3.166667
10,0.150000,4060.000000,3.666667,4060.000000,3.666667
10,0.160000,1143.200000,1.400000,1143.200000,1.400000
10,0.170000,1664.000000,2.500000,1664.000000,2.500000
10,0.180000,670.428571,2.857143,670.428571,2.857143
10,0.190000,785.000000,5.200000,785.000000,5.200000
10,0.200000,452.500000,5.000000,452.500000,5.000000
10,0.210000,643.500000,1.500000,643.500000,1.500000
10,0.220000,1604.166667,1.500000,1604.166667,1.500000
10,0.230000,77.250000,3.000000,77.250000,3.000000
10,0.240000,261.250000,2.500000,261.250000,2.500000
10,0.250000,53.000000,3.333333,53.000000,3.333333
10,0.260000,775.333333,3.666667,775.333333,3.666667
10,0.270000,77.000000,4.200000,77.000000,4.200000
10,0.280000,33.500000,3.000000,33.500000,3.000000
10,0.290000,131.000000,6.500000,131.000000,6.500000
10,0.300000,68.000000,3.000000,68.000000,3.000000
10,0.310000,88.000000,15.000000,88.000000,15.000000
10,0.320000,45.750000,2.500000,45.750000,2.500000
10,0.330000,7.000000,1.000000,7.000000,1.000000
10,0.340000,0.000000,0.000000,0.000000,0.000000
10,0.350000,7.000000,6.000000,7.000000,6.000000
10,0.360000,0.000000,0.000000,0.000000,0.000000
10,0.370000,0.000000,0.000000,0.000000,0.000000
10,0.380000,6.000000,1.000000,6.000000,1.000000
10,0.390000,0.000000,0.000000,0.000000,0.000000
10,0.400000,14.000000,2.000000,14.000000,2.000000
10,0.410000,24.000000,3.000000,24.000000,3.000000
10,0.420000,0.000000,0.000000,0.000000,0.000000
10,0.430000,0.000000,0.000000,0.000000,0.000000
10,0.440000,0.000000,0.000000,0.000000,0.000000
10,0.450000,0.000000,0.000000,0.000000,0.000000
10,0.460000,0.000000,0.000000,0.000000,0.000000
10,0.470000,0.000000,0.000000,0.000000,0.000000
10,0.480000,0.000000,0.000000,0.000000,0.000000
10,0.490000,0.000000,0.000000,0.000000,0.000000
10,0.500000,0.000000,0.000000,0.000000,0.000000
10,0.510000,0.000000,0.000000,0.000000,0.000000
10,0.520000,0.000000,0.000000,0.000000,0.000000
10,0.530000,0.000000,0.000000,0.000000,0.000000
10,0.540000,0.000000,0.000000,0.000000,0.000000
10,0.550000,0.000000,0.000000,0.000000,0.000000
10,0.560000,0.000000,0.000000,0.000000,0.000000
10,0.570000,0.000000,0.000000,0.000000,0.000000
10,0.580000,0.000000,0.000000,0.000000,0.000000
10,0.590000,0.000000,0.000000,0.000000,0.000000
10,0.600000,0.000000,0.000000,0.000000,0.000000
10,0.610000,0.000000,0.000000,0.000000,0.000000
10,0.620000,0.000000,0.000000,0.000000,0.000000
10,0.630000,0.000000,0.000000,0.000000,0.000000
10,0.640000,0.000000,0.000000,0.000000,0.000000
10,0.650000,0.000000,0.000000,0.000000,0.000000
10,0.660000,0.000000,0.000000,0.000000,0.000000
10,0.670000,0.000000,0.000000,0.000000,0.000000
10,0.680000,0.000000,0.000000,0.000000,0.000000
10,0.690000,0.000000,0.000000,0.000000,0.000000
10,0.700000,0.000000,0.000000,0.000000,0.000000
10,0.710000,0.000000,0.000000,0.000000,0.000000
10,0.720000,0.000000,0.000000,0.000000,0.000000
10,0.730000,0.000000,0.000000,0.000000,0.000000
10,0.740000,0.000000,0.000000,0.000000,0.000000
10,0.750000,0.000000,0.000000,0.000000,0.000000
10,0.760000,0.000000,0.000000,0.000000,0.000000
10,0.770000,0.000000,0.000000,0.000000,0.000000
10,0.780000,0.000000,0.000000,0.000000,0.000000
10,0.790000,0.000000,0.000000,0.000000,0.000000
10,0.800000,0.000000,0.000000,0.000000,0.000000
10,0.810000,0.000000,0.000000,0.000000,0.000000
10,0.820000,0.000000,0.000000,0.000000,0.000000
10,0.830000,0.000000,0.000000,0.000000,0.000000
10,0.840000,0.000000,0.000000,0.000000,0.000000
10,0.850000,0.000000,0.000000,0.000000,0.000000
10,0.860000,0.000000,0.000000,0.000000,0.000000
10,0.870000,0.000000,0.000000,0.000000,0.000000
10,0.880000,0.000000,0.000000,0.000000,0.000000
10,0.890000,0.000000,0.000000,0.000000,0.000000
10,0.900000,0.000000,0.000000,0.000000,0.000000
10,0.910000,0.000000,0.000000,0.000000,0.000000
10,0.920000,0.000000,0.000000,0.000000,0.000000
10,0.930000,0.000000,0.000000,0.000000,0.000000
10,0.940000,0.000000,0.000000,0.000000,0.000000
10,0.950000,0.000000,0.000000,0.000000,0.000000
10,0.960000,0.000000,0.000000,0.000000,0.000000
10,0.970000,0.000000,0.000000,0.000000,0.000000
10,0.980000,0.000000,0.000000,0.000000,0.000000
10,0.990000,0.000000,0.000000,0.000000,0.000000
10,1.000000,0.000000,0.000000,0.000000,0.000000
11,0.000000,184756.000000,2.000000,184756.000000,2.000000
11,0.008264,155833.700000,1.900000,155833.700000,1.900000
11,0.016529,142491.600000,1.400000,142491.600000,1.400000
11,0.024793,94444.000000,1.700000,94444.000000,1.700000
11,0.033058,82947.800000,1.900000,82947.800000,1.900000
11,0.041322,81131.125000,3.750000,81131.125000,3.750000
11,0.049587,71449.555556,3.777778,71449.555556,3.777778
11,0.057851,70429.285714,4.428571,70429.285714,4.428571
11,0.066116,47715.200000,2.100000,47715.200000,2.100000
11,0.074380,30402.285714,2.142857,30402.285714,2.142857
11,0.082645,30743.666667,8.222222,30743.666667,8.222222
11,0.090909,28541.750000,2.375000,28541.750000,2.375000
11,0.099174,37468.166667,2.000000,37468.166667,2.000000
11,0.107438,16596.571429,2.571429,16596.571429,2.571429
11,0.115702,20103.555556,4.222222,20103.555556,4.222222
11,0.123967,11052.400000,3.000000,11052.400000,3.000000
11,0.132231,12073.714286,3.142857,12073.714286,3.142857
11,0.140496,8400.800000,1.800000,8400.800000,1.800000
11,0.148760,1556.500000,1.750000,1556.500000,1.750000
11,0.157025,8733.750000,9.500000,8733.750000,9.500000
11,0.165289,3168.500000,1.833333,3168.500000,1.833333
11,0.173554,2256.250000,3.000000,2256.250000,3.000000
11,0.181818,1117.600000,3.200000,1117.600000,3.200000
11,0.190083,1339.833333,2.666667,1339.833333,2.666667
11,0.198347,1710.000000,9.500000,1710.000000,9.500000
11,0.206612,1088.250000,3.750000,1088.250000,3.750000
11,0.214876,1742.000000,9.400000,1742.000000,9.400000
11,0.223140,1133.000000,4.500000,1133.000000,4.500000
11,0.231405,793.500000,3.500000,793.500000,3.500000
11,0.239669,350.250000,8.250000,350.250000,8.250000
11,0.247934,49.000000,2.000000,49.000000,2.000000
11,0.256198,171.000000,4.000000,171.000000,4.000000
11,0.264463,260.333333,6.666667,260.333333,6.666667
11,0.272727,249.500000,1.500000,249.500000,1.500000
11,0.280992,37.500000,1.000000,37.500000,1.000000
11,0.289256,78.000000,4.500000,78.000000,4.500000
11,0.297521,1231.000000,1.000000,1231.000000,1.000000
11,0.305785,789.000000,8.000000,789.000000,8.000000
11,0.314050,8.000000,1.000000,8.000000,1.000000
11,0.322314,0.000000,0.000000,0.000000,0.000000
11,0.330579,28.000000,2.000000,28.000000,2.000000
11,0.338843,16.000000,2.000000,16.000000,2.000000
11,0.347107,87.666667,2.000000,87.666667,2.000000
11,0.355372,744.000000,6.000000,744.000000,6.000000
11,0.363636,11.000000,1.000000,11.000000,1.000000
11,0.371901,4.000000,2.000000,4.000000,2.000000
11,0.380165,18.000000,2.000000,18.000000,2.000000
11,0.388430,0.000000,0.000000,0.000000,0.000000
11,0.396694,0.000000,0.000000,0.000000,0.000000
11,0.404959,99.000000,1.000000,99.000000,1.000000
11,0.413223,0.000000,0.000000,0.000000,0.000000
11,0.421488,0.000000,0.000000,0.000000,0.000000
11,0.429752,0.000000,0.000000,0.000000,0.000000
11,0.438017,0.000000,0.000000,0.000000,0.000000
11,0.446281,0.000000,0.000000,0.000000,0.000000
11,0.454545,0.000000,0.000000,0.000000,0.000000
11,0.462810,0.000000,0.000000,0.000000,0.000000
11,0.471074,0.000000,0.000000,0.000000,0.000000
11,0.479339,0.000000,0.000000,0.000000,0.000000
11,0.487603,0.000000,0.000000,0.000000,0.000000
11,0.495868,0.000000,0.000000,0.000000,0.000000
11,0.504132,0.000000,0.000000,0.000000,0.000000
11,0.512397,0.000000,0.000000,0.000000,0.000000
11,0.520661,0.000000,0.000000,0.000000,0.000000
11,0.528926,0.000000,0.000000,0.000000,0.000000
11,0.537190,0.000000,0.000000,0.000000,0.000000
11,0.545455,0.000000,0.000000,0.000000,0.000000
11,0.553719,0.000000,0.000000,0.000000,0.000000
11,0.561983,0.000000,0.000000,0.000000,0.000000
11,0.570248,0.000000,0.000000,0.000000,0.000000
11,0.578512,0.000000,0.000000,0.000000,0.000000
11,0.586777,0.000000,0.000000,0.000000,0.000000
11,0.595041,0.000000,0.000000,0.000000,0.000000
11,0.603306,0.000000,0.000000,0.000000,0.000000
11,0.611570,0.000000,0.000000,0.000000,0.000000
11,0.619835,0.000000,0.000000,0.000000,0.000000
11,0.628099,0.000000,0.000000,0.000000,0.000000
11,0.636364,0.000000,0.000000,0.000000,0.000000
11,0.644628,0.000000,0.000000,0.000000,0.000000
11,0.652893,0.000000,0.000000,0.000000,0.000000
11,0.661157,0.000000,0.000000,0.000000,0.000000
11,0.669421,0.000000,0.000000,0.000000,0.000000
11,0.677686,0.000000,0.000000,0.000000,0.000000
11,0.685950,0.000000,0.000000,0.000000,0.000000
11,0.694215,0.000000,0.000000,0.000000,0.000000
11,0.702479,0.000000,0.000000,0.000000,0.000000
11,0.710744,0.000000,0.000000,0.000000,0.000000
11,0.719008,0.000000,0.000000,0.000000,0.000000
11,0.727273,0.000000,0.000000,0.000000,0.000000
11,0.735537,0.000000,0.000000,0.000000,0.000000
11,0.743802,0.000000,0.000000,0.000000,0.000000
11,0.752066,0.000000,0.000000,0.000000,0.000000
11,0.760331,0.000000,0.000000,0.000000,0.000000
11,0.768595,0.000000,0.000000,0.000000,0.000000
11,0.776860,0.000000,0.000000,0.000000,0.000000
11,0.785124,0.000000,0.000000,0.000000,0.000000
11,0.793388,0.000000,0.000000,0.000000,0.000000
11,0.801653,0.000000,0.000000,0.000000,0.000000
11,0.809917,0.000000,0.000000,0.000000,0.000000
11,0.818182,0.000000,0.000000,0.000000,0.000000
11,0.826446,0.000000,0.000000,0.000000,0.000000
11,0.834711,0.000000,0.000000,0.000000,0.000000
11,0.842975,0.000000,0.000000,0.000000,0.000000
11,0.851240,0.000000,0.000000,0.000000,0.000000
11,0.859504,0.000000,0.000000,0.000000,0.000000
11,0.867769,0.000000,0.000000,0.000000,0.000000
11,0.876033,0.000000,0.000000,0.000000,0.000000
11,0.884298,0.000000,0.000000,0.000000,0.000000
11,0.892562,0.000000,0.000000,0.000000,0.000000
11,0.900826,0.000000,0.000000,0.000000,0.000000
11,0.909091,0.000000,0.000000,0.000000,0.000000
11,0.917355,0.000000,0.000000,0.000000,0.000000
11,0.925620,0.000000,0.000000,0.000000,0.000000
11,0.933884,0.000000,0.000000,0.000000,0.000000
11,0.942149,0.000000,0.000000,0.000000,0.000000
11,0.950413,0.000000,0.000000,0.000000,0.000000
11,0.958678,0.000000,0.000000,0.000000,0.000000
11,0.966942,0.000000,0.000000,0.000000,0.000000
11,0.975207,0.000000,0.000000,0.000000,0.000000
11,0.983471,0.000000,0.000000,0.000000,0.000000
11,0.991736,0.000000,0.000000,0.000000,0.000000
11,1.000000,0.000000,0.000000,0.000000,0.000000
12,0.000000,705432.000000,2.000000,705432.000000,2.000000
12,0.006944,610637.300000,2.000000,610637.300000,2.000000
12,0.013889,568026.777778,1.333333,568026.777778,1.333333
12,0.020833,458342.625000,1.375000,458342.625000,1.375000
12,0.027778,400889.888889,5.111111,400889.888889,5.111111
12,0.034722,298568.400000,2.100000,298568.400000,2.100000
12,0.041667,257818.222222,3.555556,257818.222222,3.555556
12,0.048611,230787.000000,2.666667,230787.000000,2.666667
12,0.055556,185904.111111,8.111111,185904.111111,8.111111
12,0.062500,91092.875000,2.000000,91092.875000,2.000000
12,0.069444,94669.666667,3.666667,94669.666667,3.666667
12,0.076389,112224.333333,3.666667,112224.333333,3.666667
12,0.083333,113529.166667,2.500000,113529.166667,2.500000
12,0.090278,50877.857143,3.142857,50877.857143,3.142857
12,0.097222,80540.222222,1.555556,80540.222222,1.555556
12,0.104167,45698.333333,3.333333,45698.333333,3.333333
12,0.111111,51991.900000,2.300000,51991.900000,2.300000
12,0.118056,35063.000000,13.125000,35063.000000,13.125000
12,0.125000,18189.500000,7.500000,18189.500000,7.500000
12,0.131944,40358.428571,5.857143,40358.428571,5.857143
12,0.138889,21260.428571,1.857143,21260.428571,1.857143
12,0.145833,19563.000000,4.222222,19563.000000,4.222222
12,0.152778,30549.800000,2.600000,30549.800000,2.600000
12,0.159722,20594.285714,2.857143,20594.285714,2.857143
12,0.166667,27866.571429,3.571429,27866.571429,3.571429
12,0.173611,9213.750000,11.250000,9213.750000,11.250000
12,0.180556,9795.833333,1.500000,9795.833333,1.500000
12,0.187500,7952.500000,5.666667,7952.500000,5.666667
12,0.194444,7140.000000,1.600000,7140.000000,1.600000
12,0.201389,3743.600000,13.000000,3743.600000,13.000000
12,0.208333,874.000000,6.500000,874.000000,6.500000
12,0.215278,691.666667,3.000000,691.666667,3.000000
12,0.222222,1007.000000,4.000000,1007.000000,4.000000
12,0.229167,1131.200000,3.000000,1131.200000,3.000000
12,0.236111,1174.666667,3.333333,1174.666667,3.333333
12,0.243056,1900.000000,8.000000,1900.000000,8.000000
12,0.250000,471.000000,3.500000,471.000000,3.500000
12,0.256944,184.666667,4.666667,184.666667,4.666667
12,0.263889,534.000000,5.000000,534.000000,5.000000
12,0.270833,2700.666667,3.000000,2700.666667,3.000000
12,0.277778,1131.250000,9.500000,1131.250000,9.500000
12,0.284722,691.500000,4.500000,691.500000,4.500000
12,0.291667,398.500000,3.000000,398.500000,3.000000
12,0.298611,222.000000,7.500000,222.000000,7.500000
12,0.305556,104.000000,15.000000,104.000000,15.000000
12,0.312500,966.000000,15.000000,966.000000,15.000000
12,0.319444,88.500000,3.500000,88.500000,3.500000
12,0.326389,0.000000,0.000000,0.000000,0.000000
12,0.333333,72.000000,5.000000,72.000000,5.000000
12,0.340278,0.000000,0.000000,0.000000,0.000000
12,0.347222,0.000000,0.000000,0.000000,0.000000
12,0.354167,21.000000,1.500000,21.000000,1.500000
12,0.361111,164.500000,6.000000,164.500000,6.000000
12,0.368056,0.000000,0.000000,0.000000,0.000000
12,0.375000,20.000000,1.000000,20.000000,1.000000
12,0.381944,0.000000,0.000000,0.000000,0.000000
12,0.388889,64.000000,8.000000,64.000000,8.000000
12,0.395833,0.000000,0.000000,0.000000,0.000000
12,0.402778,86.000000,6.000000,86.000000,6.000000
12,0.409722,0.000000,0.000000,0.000000,0.000000
12,0.416667,0.000000,0.000000,0.000000,0.000000
12,0.423611,6.000000,2.000000,6.000000,2.000000
12,0.430556,0.000000,0.000000,0.000000,0.000000
12,0.437500,0.000000,0.000000,0.000000,0.000000
12,0.444444,0.000000,0.000000,0.000000,0.000000
12,0.451389,0.000000,0.000000,0.000000,0.000000
12,0.458333,0.000000,0.000000,0.000000,0.000000
12,0.465278,0.000000,0.000000,0.000000,0.000000
12,0.472222,0.000000,0.000000,0.000000,0.000000
12,0.479167,0.000000,0.000000,0.000000,0.000000
12,0.486111,0.000000,0.000000,0.000000,0.000000
12,0.493056,0.000000,0.000000,0.000000,0.000000
12,0.500000,0.000000,0.000000,0.000000,0.000000
12,0.506944,0.000000,0.000000,0.000000,0.000000
12,0.513889,0.000000,0.000000,0.000000,0.000000
12,0.520833,0.000000,0.000000,0.000000,0.000000
12,0.527778,0.000000,0.000000,0.000000,0.000000
12,0.534722,0.000000,0.000000,0.000000,0.000000
12,0.541667,0.000000,0.000000,0.000000,0.000000
12,0.548611,0.000000,0.000000,0.000000,0.000000
12,0.555556,0.000000,0.000000,0.000000,0.000000
12,0.562500,0.000000,0.000000,0.000000,0.000000
12,0.569444,0.000000,0.000000,0.000000,0.000000
12,0.576389,0.000000,0.000000,0.000000,0.000000
12,0.583333,0.000000,0.000000,0.000000,0.000000
12,0.590278,0.000000,0.000000,0.000000,0.000000
12,0.597222,0.000000,0.000000,0.000000,0.000000
12,0.604167,0.000000,0.000000,0.000000,0.000000
12,0.611111,0.000000,0.000000,0.000000,0.000000
12,0.618056,0.000000,0.000000,0.000000,0.000000
12,0.625000,0.000000,0.000000,0.000000,0.000000
12,0.631944,0.000000,0.000000,0.000000,0.000000
12,0.638889,0.000000,0.000000,0.000000,0.000000
12,0.645833,0.000000,0.000000,0.000000,0.000000
12,0.652778,0.000000,0.000000,0.000000,0.000000
12,0.659722,0.000000,0.000000,0.000000,0.000000
12,0.666667,0.000000,0.000000,0.000000,0.000000
12,0.673611,0.000000,0.000000,0.000000,0.000000
12,0.680556,0.000000,0.000000,0.000000,0.000000
12,0.687500,0.000000,0.000000,0.000000,0.000000
12,0.694444,0.000000,0.000000,0.000000,0.000000
12,0.701389,0.000000,0.000000,0.000000,0.000000
12,0.708333,0.000000,0.000000,0.000000,0.000000
12,0.715278,0.000000,0.000000,0.000000,0.000000
12,0.722222,0.000000,0.000000,0.000000,0.000000
12,0.729167,0.000000,0.000000,0.000000,0.000000
12,0.736111,0.000000,0.000000,0.000000,0.000000
12,0.743056,0.000000,0.000000,0.000000,0.000000
12,0.750000,0.000000,0.000000,0.000000,0.000000
12,0.756944,0.000000,0.000000,0.000000,0.000000
12,0.763889,0.000000,0.000000,0.000000,0.000000
12,0.770833,0.000000,0.000000,0.000000,0.000000
12,0.777778,0.000000,0.000000,0.000000,0.000000
12,0.784722,0.000000,0.000000,0.000000,0.000000
12,0.791667,0.000000,0.000000,0.000000,0.000000
12,0.798611,0.000000,0.000000,0.000000,0.000000
12,0.805556,0.000000,0.000000,0.000000,0.000000
12,0.812500,0.000000,0.000000,0.000000,0.000000
12,0.819444,0.000000,0.000000,0.000000,0.000000
12,0.826389,0.000000,0.000000,0.000000,0.000000
12,0.833333,0.000000,0.000000,0.000000,0.000000
12,0.840278,0.000000,0.000000,0.000000,0.000000
12,0.847222,0.000000,0.000000,0.000000,0.000000
12,0.854167,0.000000,0.000000,0.000000,0.000000
12,0.861111,0.000000,0.000000,0.000000,0.000000
12,0.868056,0.000000,0.000000,0.000000,0.000000
12,0.875000,0.000000,0.000000,0.000000,0.000000
12,0.881944,0.000000,0.000000,0.000000,0.000000
12,0.888889,0.000000,0.000000,0.000000,0.000000
12,0.895833,0.000000,0.000000,0.000000,0.000000
12,0.902778,0.000000,0.000000,0.000000,0.000000
12,0.909722,0.000000,0.000000,0.000000,0.000000
12,0.916667,0.000000,0.000000,0.000000,0.000000
12,0.923611,0.000000,0.000000,0.000000,0.000000
12,0.930556,0.000000,0.000000,0.000000,0.000000
12,0.937500,0.000000,0.000000,0.000000,0.000000
12,0.944444,0.000000,0.000000,0.000000,0.000000
12,0.951389,0.000000,0.000000,0.000000,0.000000
12,0.958333,0.000000,0.000000,0.000000,0.000000
12,0.965278,0.000000,0.000000,0.000000,0.000000
12,0.972222,0.000000,0.000000,0.000000,0.000000
12,0.979167,0.000000,0.000000,0.000000,0.000000
12,0.986111,0.000000,0.000000,0.000000,0.000000
12,0.993056,0.000000,0.000000,0.000000,0.000000
12,1.000000,0.000000,0.000000,0.000000,0.000000
13,0.000000,2704156.000000,2.000000,2704156.000000,2.000000
13,0.005917,2430325.100000,1.800000,2430325.100000,1.800000
13,0.011834,2044511.300000,1.400000,2044511.300000,1.400000
13,0.017751,1475583.600000,1.500000,1475583.600000,1.500000
13,0.023669,1242486.000000,1.200000,1242486.000000,1.200000
13,0.029586,1238854.300000,1.700000,1238854.300000,1.700000
13,0.035503,1189789.555556,3.000000,1189789.555556,3.000000
13,0.041420,971351.600000,5.000000,971351.600000,5.000000
13,0.047337,730015.625000,8.750000,730015.625000,8.750000
13,0.053254,628115.666667,3.333333,628115.666667,3.333333
13,0.059172,459276.600000,3.100000,459276.600000,3.100000
13,0.065089,550815.555556,8.777778,550815.555556,8.777778
13,0.071006,568162.500000,4.700000,568162.500000,4.700000
13,0.076923,265509.444444,2.888889,265509.444444,2.888889
13,0.082840,265401.222222,2.111111,265401.222222,2.111111
13,0.088757,207956.666667,5.777778,207956.666667,5.777778
13,0.094675,243121.125000,4.250000,243121.125000,4.250000
13,0.100592,168183.000000,2.750000,168183.000000,2.750000
13,0.106509,171629.000000,6.500000,171629.000000,6.500000
13,0.112426,226999.555556,6.777778,226999.555556,6.777778
13,0.118343,163820.500000,2.750000,163820.500000,2.750000
13,0.124260,132378.375000,10.000000,132378.375000,10.000000
13,0.130178,104112.222222,3.333333,104112.222222,3.333333
13,0.136095,72658.000000,3.500000,72658.000000,3.500000
13,0.142012,36545.750000,2.750000,36545.750000,2.750000
13,0.147929,76669.714286,6.285714,76669.714286,6.285714
13,0.153846,39858.250000,18.250000,39858.250000,18.250000
13,0.159763,16924.000000,5.333333,16924.000000,5.333333
13,0.165680,23824.285714,10.285714,23824.285714,10.285714
13,0.171598,11052.400000,7.800000,11052.400000,7.800000
13,0.177515,7723.714286,10.857143,7723.714286,10.857143
13,0.183432,26147.714286,5.428571,26147.714286,5.428571
13,0.189349,11733.000000,7.142857,11733.000000,7.142857
13,0.195266,5172.600000,5.800000,5172.600000,5.800000
13,0.201183,6324.500000,7.000000,6324.500000,7.000000
13,0.207101,16199.750000,3.000000,16199.750000,3.000000
13,0.213018,8883.800000,2.800000,8883.800000,2.800000
13,0.218935,8896.200000,4.200000,8896.200000,4.200000
13,0.224852,1706.400000,2.400000,1706.400000,2.400000
13,0.230769,714.000000,4.500000,714.000000,4.500000
13,0.236686,13213.500000,9.000000,13213.500000,9.000000
13,0.242604,4018.666667,14.833333,4018.666667,14.833333
13,0.248521,1000.166667,8.166667,1000.166667,8.166667
13,0.254438,54.000000,2.000000,54.000000,2.000000
13,0.260355,1545.200000,7.400000,1545.200000,7.400000
13,0.266272,2199.000000,2.000000,2199.000000,2.000000
13,0.272189,3800.000000,4.000000,3800.000000,4.000000
13,0.278107,34.000000,9.000000,34.000000,9.000000
13,0.284024,126.000000,3.000000,126.000000,3.000000
13,0.289941,0.000000,0.000000,0.000000,0.000000
13,0.295858,351.000000,7.000000,351.000000,7.000000
13,0.301775,0.000000,0.000000,0.000000,0.000000
13,0.307692,72.000000,1.000000,72.000000,1.000000
13,0.313609,702.000000,6.500000,702.000000,6.500000
13,0.319527,32.000000,1.000000,32.000000,1.000000
13,0.325444,462.000000,34.000000,462.000000,34.000000
13,0.331361,5.000000,4.000000,5.000000,4.000000
13,0.337278,0.000000,0.000000,0.000000,0.000000
13,0.343195,5988.000000,22.000000,5988.000000,22.000000
13,0.349112,9.000000,2.000000,9.000000,2.000000
13,0.355030,0.000000,0.000000,0.000000,0.000000
13,0.360947,104.666667,2.666667,104.666667,2.666667
13,0.366864,16.000000,4.000000,16.000000,4.000000
13,0.372781,0.000000,0.000000,0.000000,0.000000
13,0.378698,0.000000,0.000000,0.000000,0.000000
13,0.384615,0.000000,0.000000,0.000000,0.000000
13,0.390533,0.000000,0.000000,0.000000,0.000000
13,0.396450,0.000000,0.000000,0.000000,0.000000
13,0.402367,0.000000,0.000000,0.000000,0.000000
13,0.408284,0.000000,0.000000,0.000000,0.000000
13,0.414201,0.000000,0.000000,0.000000,0.000000
13,0.420118,0.000000,0.000000,0.000000,0.000000
13,0.426036,0.000000,0.000000,0.000000,0.000000
13,0.431953,0.000000,0.000000,0.000000,0.000000
13,0.437870,0.000000,0.000000,0.000000,0.000000
13,0.443787,0.000000,0.000000,0.000000,0.000000
13,0.449704,0.000000,0.000000,0.000000,0.000000
13,0.455621,0.000000,0.000000,0.000000,0.000000
13,0.461538,0.000000,0.000000,0.000000,0.000000
13,0.467456,0.000000,0.000000,0.000000,0.000000
13,0.473373,0.000000,0.000000,0.000000,0.000000
13,0.479290,0.000000,0.000000,0.000000,0.000000
13,0.485207,0.000000,0.000000,0.000000,0.000000
13,0.491124,0.000000,0.000000,0.000000,0.000000
13,0.497041,0.000000,0.000000,0.000000,0.000000
13,0.502959,0.000000,0.000000,0.000000,0.000000
13,0.508876,0.000000,0.000000,0.000000,0.000000
13,0.514793,0.000000,0.000000,0.000000,0.000000
13,0.520710,0.000000,0.000000,0.000000,0.000000
13,0.526627,0.000000,0.000000,0.000000,0.000000
13,0.532544,0.000000,0.000000,0.000000,0.000000
13,0.538462,0.000000,0.000000,0.000000,0.000000
13,0.544379,0.000000,0.000000,0.000000,0.000000
13,0.550296,0.000000,0.000000,0.000000,0.000000
13,0.556213,0.000000,0.000000,0.000000,0.000000
13,0.562130,0.000000,0.000000,0.000000,0.000000
13,0.568047,0.000000,0.000000,0.000000,0.000000
13,0.573964,0.000000,0.000000,0.000000,0.000000
13,0.579882,0.000000,0.000000,0.000000,0.000000
13,0.585799,0.000000,0.000000,0.000000,0.000000
13,0.591716,0.000000,0.000000,0.000000,0.000000
13,0.597633,0.000000,0.000000,0.000000,0.000000
13,0.603550,0.000000,0.000000,0.000000,0.000000
13,0.609467,0.000000,0.000000,0.000000,0.000000
13,0.615385,0.000000,0.000000,0.000000,0.000000
13,0.621302,0.000000,0.000000,0.000000,0.000000
13,0.627219,0.000000,0.000000,0.000000,0.000000
13,0.633136,0.000000,0.000000,0.000000,0.000000
13,0.639053,0.000000,0.000000,0.000000,0.000000
13,0.644970,0.000000,0.000000,0.000000,0.000000
13,0.650888,0.000000,0.000000,0.000000,0.000000
13,0.656805,0.000000,0.000000,0.000000,0.000000
13,0.662722,0.000000,0.000000,0.000000,0.000000
13,0.668639,0.000000,0.000000,0.000000,0.000000
13,0.674556,0.000000,0.000000,0.000000,0.000000
13,0.680473,0.000000,0.000000,0.000000,0.000000
13,0.686391,0.000000,0.000000,0.000000,0.000000
13,0.692308,0.000000,0.000000,0.000000,0.000000
13,0.698225,0.000000,0.000000,0.000000,0.000000
13,0.704142,0.000000,0.000000,0.000000,0.000000
13,0.710059,0.000000,0.000000,0.000000,0.000000
13,0.715976,0.000000,0.000000,0.000000,0.000000
13,0.721893,0.000000,0.000000,0.000000,0.000000
13,0.727811,0.000000,0.000000,0.000000,0.000000
13,0.733728,0.000000,0.000000,0.000000,0.000000
13,0.739645,0.000000,0.000000,0.000000,0.000000
13,0.745562,0.000000,0.000000,0.000000,0.000000
13,0.751479,0.000000,0.000000,0.000000,0.000000
13,0.757396,0.000000,0.000000,0.000000,0.000000
13,0.763314,0.000000,0.000000,0.000000,0.000000
13,0.769231,0.000000,0.000000,0.000000,0.000000
13,0.775148,0.000000,0.000000,0.000000,0.000000
13,0.781065,0.000000,0.000000,0.000000,0.000000
13,0.786982,0.000000,0.000000,0.000000,0.000000
13,0.792899,0.000000,0.000000,0.000000,0.000000
13,0.798817,0.000000,0.000000,0.000000,0.000000
13,0.804734,0.000000,0.000000,0.000000,0.000000
13,0.810651,0.000000,0.000000,0.000000,0.000000
13,0.816568,0.000000,0.000000,0.000000,0.000000
13,0.822485,0.000000,0.000000,0.000000,0.000000
13,0.828402,0.000000,0.000000,0.000000,0.000000
13,0.834320,0.000000,0.000000,0.000000,0.000000
13,0.840237,0.000000,0.000000,0.000000,0.000000
13,0.846154,0.000000,0.000000,0.000000,0.000000
13,0.852071,0.000000,0.000000,0.000000,0.000000
13,0.857988,0.000000,0.000000,0.000000,0.000000
13,0.863905,0.000000,0.000000,0.000000,0.000000
13,0.869822,0.000000,0.000000,0.000000,0.000000
13,0.875740,0.000000,0.000000,0.000000,0.000000
13,0.881657,0.000000,0.000000,0.000000,0.000000
13,0.887574,0.000000,0.000000,0.000000,0.000000
13,0.893491,0.000000,0.000000,0.000000,0.000000
13,0.899408,0.000000,0.000000,0.000000,0.000000
13,0.905325,0.000000,0.000000,0.000000,0.000000
13,0.911243,0.000000,0.000000,0.000000,0.000000
13,0.917160,0.000000,0.000000,0.000000,0.000000
13,0.923077,0.000000,0.000000,0.000000,0.000000
13,0.928994,0.000000,0.000000,0.000000,0.000000
13,0.934911,0.000000,0.000000,0.000000,0.000000
13,0.940828,0.000000,0.000000,0.000000,0.000000
13,0.946746,0.000000,0.000000,0.000000,0.000000
13,0.952663,0.000000,0.000000,0.000000,0.000000
13,0.958580,0.000000,0.000000,0.000000,0.000000
13,0.964497,0.000000,0.000000,0.000000,0.000000
13,0.970414,0.000000,0.000000,0.000000,0.000000
13,0.976331,0.000000,0.000000,0.000000,0.000000
13,0.982249,0.000000,0.000000,0.000000,0.000000
13,0.988166,0.000000,0.000000,0.000000,0.000000
13,0.994083,0.000000,0.000000,0.000000,0.000000
13,1.000000,0.000000,0.000000,0.000000,0.000000
14,0.000000,10400600.000000,2.000000,10400600.000000,2.000000
14,0.005102,9107471.600000,1.800000,9107471.600000,1.800000
14,0.010204,8172273.200000,1.900000,8172273.200000,1.900000
14,0.015306,7077233.571429,3.142857,7077233.571429,3.142857
14,0.020408,6545223.100000,2.200000,6545223.100000,2.200000
14,0.025510,4011820.300000,4.100000,4011820.300000,4.100000
14,0.030612,3832757.800000,1.500000,3832757.800000,1.500000
14,0.035714,3517804.400000,3.000000,3517804.400000,3.000000
14,0.040816,4117811.900000,4.100000,4117811.900000,4.100000
14,0.045918,2721841.750000,6.500000,2721841.750000,6.500000
14,0.051020,3234322.875000,6.500000,3234322.875000,6.500000
14,0.056122,2328633.200000,4.600000,2328633.200000,4.600000
14,0.061224,1551814.875000,14.625000,1551814.875000,14.625000
14,0.066327,1209559.555556,1.888889,1209559.555556,1.888889
14,0.071429,983330.000000,8.375000,983330.000000,8.375000
14,0.076531,1117860.800000,5.500000,1117860.800000,5.500000
14,0.081633,1202929.714286,2.571429,1202929.714286,2.571429
14,0.086735,1450749.666667,6.666667,1450749.666667,6.666667
14,0.091837,433686.900000,2.700000,433686.900000,2.700000
14,0.096939,475033.142857,9.000000,475033.142857,9.000000
14,0.102041,693484.300000,4.300000,693484.300000,4.300000
14,0.107143,470644.333333,7.666667,470644.333333,7.666667
14,0.112245,327869.375000,4.125000,327869.375000,4.125000
14,0.117347,450268.000000,2.625000,450268.000000,2.625000
14,0.122449,310094.333333,5.111111,310094.333333,5.111111
14,0.127551,371132.111111,8.333333,371132.111111,8.333333
14,0.132653,92318.571429,3.142857,92318.571429,3.142857
14,0.137755,283044.000000,9.375000,283044.000000,9.375000
14,0.142857,327468.800000,3.000000,327468.800000,3.000000
14,0.147959,148933.333333,11.333333,148933.333333,11.333333
14,0.153061,130871.333333,62.333333,130871.333333,62.333333
14,0.158163,80167.833333,3.666667,80167.833333,3.666667
14,0.163265,53205.428571,14.428571,53205.428571,14.428571
14,0.168367,61965.250000,5.625000,61965.250000,5.625000
14,0.173469,103229.750000,20.500000,103229.750000,20.500000
14,0.178571,125529.125000,5.750000,125529.125000,5.750000
14,0.183673,18103.166667,4.000000,18103.166667,4.000000
14,0.188776,31041.250000,8.000000,31041.250000,8.000000
14,0.193878,16952.333333,6.666667,16952.333333,6.666667
14,0.198980,38978.285714,14.428571,38978.285714,14.428571
14,0.204082,26660.250000,1.750000,26660.250000,1.750000
14,0.209184,6042.500000,10.333333,6042.500000,10.333333
14,0.214286,68121.666667,4.000000,68121.666667,4.000000
14,0.219388,9350.000000,18.571429,9350.000000,18.571429
14,0.224490,46517.750000,6.000000,46517.750000,6.000000
14,0.229592,2817.500000,2.000000,2817.500000,2.000000
14,0.234694,11435.333333,5.500000,11435.333333,5.500000
14,0.239796,1278.000000,7.333333,1278.000000,7.333333
14,0.244898,1913.000000,5.750000,1913.000000,5.750000
14,0.250000,9127.000000,3.400000,9127.000000,3.400000
14,0.255102,4652.000000,5.666667,4652.000000,5.666667
14,0.260204,5687.500000,7.750000,5687.500000,7.750000
14,0.265306,1084.000000,21.000000,1084.000000,21.000000
14,0.270408,973.666667,11.333333,973.666667,11.333333
14,0.275510,7099.000000,2.000000,7099.000000,2.000000
14,0.280612,2707.666667,4.666667,2707.666667,4.666667
14,0.285714,3193.000000,1.000000,3193.000000,1.000000
14,0.290816,1856.666667,9.666667,1856.666667,9.666667
14,0.295918,71.666667,7.000000,71.666667,7.000000
14,0.301020,675.000000,7.000000,675.000000,7.000000
14,0.306122,941.000000,9.000000,941.000000,9.000000
14,0.311224,2908.000000,6.500000,2908.000000,6.500000
14,0.316327,421.500000,6.500000,421.500000,6.500000
14,0.321429,144.000000,18.000000,144.000000,18.000000
14,0.326531,312.000000,1.000000,312.000000,1.000000
14,0.331633,36.000000,8.000000,36.000000,8.000000
14,0.336735,240.000000,16.000000,240.000000,16.000000
14,0.341837,45.000000,2.000000,45.000000,2.000000
14,0.346939,0.000000,0.000000,0.000000,0.000000
14,0.352041,0.000000,0.000000,0.000000,0.000000
14,0.357143,0.000000,0.000000,0.000000,0.000000
14,0.362245,6.000000,3.000000,6.000000,3.000000
14,0.367347,0.000000,0.000000,0.000000,0.000000
14,0.372449,0.000000,0.000000,0.000000,0.000000
14,0.377551,0.000000,0.000000,0.000000,0.000000
14,0.382653,0.000000,0.000000,0.000000,0.000000
14,0.387755,6.000000,1.000000,6.000000,1.000000
14,0.392857,0.000000,0.000000,0.000000,0.000000
14,0.397959,0.000000,0.000000,0.000000,0.000000
14,0.403061,0.000000,0.000000,0.000000,0.000000
14,0.408163,0.000000,0.000000,0.000000,0.000000
14,0.413265,0.000000,0.000000,0.000000,0.000000
14,0.418367,0.000000,0.000000,0.000000,0.000000
14,0.423469,0.000000,0.000000,0.000000,0.000000
14,0.428571,0.000000,0.000000,0.000000,0.000000
14,0.433673,0.000000,0.000000,0.000000,0.000000
14,0.438776,0.000000,0.000000,0.000000,0.000000
14,0.443878,0.000000,0.000000,0.000000,0.000000
14,0.448980,0.000000,0.000000,0.000000,0.000000
14,0.454082,0.000000,0.000000,0.000000,0.000000
14,0.459184,0.000000,0.000000,0.000000,0.000000
14,0.464286,0.000000,0.000000,0.000000,0.000000
14,0.469388,0.000000,0.000000,0.000000,0.000000
14,0.474490,0.000000,0.000000,0.000000,0.000000
14,0.479592,0.000000,0.000000,0.000000,0.000000
14,0.484694,0.000000,0.000000,0.000000,0.000000
14,0.489796,0.000000,0.000000,0.000000,0.000000
14,0.494898,0.000000,0.000000,0.000000,0.000000
14,0.500000,0.000000,0.000000,0.000000,0.000000
14,0.505102,0.000000,0.000000,0.000000,0.000000
14,0.510204,0.000000,0.000000,0.000000,0.000000
14,0.515306,0.000000,0.000000,0.000000,0.000000
14,0.520408,0.000000,0.000000,0.000000,0.000000
14,0.525510,0.000000,0.000000,0.000000,0.000000
14,0.530612,0.000000,0.000000,0.000000,0.000000
14,0.535714,0.000000,0.000000,0.000000,0.000000
14,0.540816,0.000000,0.000000,0.000000,0.000000
14,0.545918,0.000000,0.000000,0.000000,0.000000
14,0.551020,0.000000,0.000000,0.000000,0.000000
14,0.556122,0.000000,0.000000,0.000000,0.000000
14,0.561224,0.000000,0.000000,0.000000,0.000000
14,0.566327,0.000000,0.000000,0.000000,0.000000
14,0.571429,0.000000,0.000000,0.000000,0.000000
14,0.576531,0.000000,0.000000,0.000000,0.000000
14,0.581633,0.000000,0.000000,0.000000,0.000000
14,0.586735,0.000000,0.000000,0.000000,0.000000
14,0.591837,0.000000,0.000000,0.000000,0.000000
14,0.596939,0.000000,0.000000,0.000000,0.000000
14,0.602041,0.000000,0.000000,0.000000,0.000000
14,0.607143,0.000000,0.000000,0.000000,0.000000
14,0.612245,0.000000,0.000000,0.000000,0.000000
14,0.617347,0.000000,0.000000,0.000000,0.000000
14,0.622449,0.000000,0.000000,0.000000,0.000000
14,0.627551,0.000000,0.000000,0.000000,0.000000
14,0.632653,0.000000,0.000000,0.000000,0.000000
14,0.637755,0.000000,0.000000,0.000000,0.000000
14,0.642857,0.000000,0.000000,0.000000,0.000000
14,0.647959,0.000000,0.000000,0.000000,0.000000
14,0.653061,0.000000,0.000000,0.000000,0.000000
14,0.658163,0.000000,0.000000,0.000000,0.000000
14,0.663265,0.000000,0.000000,0.000000,0.000000
14,0.668367,0.000000,0.000000,0.000000,0.000000
14,0.673469,0.000000,0.000000,0.000000,0.000000
14,0.678571,0.000000,0.000000,0.000000,0.000000
14,0.683673,0.000000,0.000000,0.000000,0.000000
14,0.688776,0.000000,0.000000,0.000000,0.000000
14,0.693878,0.000000,0.000000,0.000000,0.000000
14,0.698980,0.000000,0.000000,0.000000,0.000000
14,0.704082,0.000000,0.000000,0.000000,0.000000
14,0.709184,0.000000,0.000000,0.000000,0.000000
14,0.714286,0.000000,0.000000,0.000000,0.000000
14,0.719388,0.000000,0.000000,0.000000,0.000000
14,0.724490,0.000000,0.000000,0.000000,0.000000
14,0.729592,0.000000,0.000000,0.000000,0.000000
14,0.734694,0.000000,0.000000,0.000000,0.000000
14,0.739796,0.000000,0.000000,0.000000,0.000000
14,0.744898,0.000000,0.000000,0.000000,0.000000
14,0.750000,0.000000,0.000000,0.000000,0.000000
14,0.755102,0.000000,0.000000,0.000000,0.000000
14,0.760204,0.000000,0.000000,0.000000,0.000000
14,0.765306,0.000000,0.000000,0.000000,0.000000
14,0.770408,0.000000,0.000000,0.000000,0.000000
14,0.775510,0.000000,0.000000,0.000000,0.000000
14,0.780612,0.000000,0.000000,0.000000,0.000000
14,0.785714,0.000000,0.000000,0.000000,0.000000
14,0.790816,0.000000,0.000000,0.000000,0.000000
14,0.795918,0.000000,0.000000,0.000000,0.000000
14,0.801020,0.000000,0.000000,0.000000,0.000000
14,0.806122,0.000000,0.000000,0.000000,0.000000
14,0.811224,0.000000,0.000000,0.000000,0.000000
14,0.816327,0.000000,0.000000,0.000000,0.000000
14,0.821429,0.000000,0.000000,0.000000,0.000000
14,0.826531,0.000000,0.000000,0.000000,0.000000
14,0.831633,0.000000,0.000000,0.000000,0.000000
14,0.836735,0.000000,0.000000,0.000000,0.000000
14,0.841837,0.000000,0.000000,0.000000,0.000000
14,0.846939,0.000000,0.000000,0.000000,0.000000
14,0.852041,0.000000,0.000000,0.000000,0.000000
14,0.857143,0.000000,0.000000,0.000000,0.000000
14,0.862245,0.000000,0.000000,0.000000,0.000000
14,0.867347,0.000000,0.000000,0.000000,0.000000
14,0.872449,0.000000,0.000000,0.000000,0.000000
14,0.877551,0.000000,0.000000,0.000000,0.000000
14,0.882653,0.000000,0.000000,0.000000,0.000000
14,0.887755,0.000000,0.000000,0.000000,0.000000
14,0.892857,0.000000,0.000000,0.000000,0.000000
14,0.897959,0.000000,0.000000,0.000000,0.000000
14,0.903061,0.000000,0.000000,0.000000,0.000000
14,0.908163,0.000000,0.000000,0.000000,0.000000
14,0.913265,0.000000,0.000000,0.000000,0.000000
14,0.918367,0.000000,0.000000,0.000000,0.000000
14,0.923469,0.000000,0.000000,0.000000,0.000000
14,0.928571,0.000000,0.000000,0.000000,0.000000
14,0.933673,0.000000,0.000000,0.000000,0.000000
14,0.938776,0.000000,0.000000,0.000000,0.000000
14,0.943878,0.000000,0.000000,0.000000,0.000000
14,0.948980,0.000000,0.000000,0.000000,0.000000
14,0.954082,0.000000,0.000000,0.000000,0.000000
14,0.959184,0.000000,0.000000,0.000000,0.000000
14,0.964286,0.000000,0.000000,0.000000,0.000000
14,0.969388,0.000000,0.000000,0.000000,0.000000
14,0.974490,0.000000,0.000000,0.000000,0.000000
14,0.979592,0.000000,0.000000,0.000000,0.000000
14,0.984694,0.000000,0.000000,0.000000,0.000000
14,0.989796,0.000000,0.000000,0.000000,0.000000
14,0.994898,0.000000,0.000000,0.000000,0.000000
14,1.000000,0.000000,0.000000,0.000000,0.000000
15,0.000000,40116600.000000,2.000000,40116600.000000,2.000000
15,0.004444,34221802.555556,1.666667,34221802.555556,1.666667
15,0.008889,29477655.300000,1.600000,29477655.300000,1.600000
15,0.013333,29834355.600000,2.600000,29834355.600000,2.600000
15,0.017778,21307900.000000,3.777778,21307900.000000,3.777778
15,0.022222,23940486.888889,3.111111,23940486.888889,3.111111
15,0.026667,14514289.222222,2.888889,14514289.222222,2.888889
15,0.031111,14370969.444444,3.333333,14370969.444444,3.333333
15,0.035556,12670437.000000,8.111111,12670437.000000,8.111111
15,0.040000,15365233.000000,2.400000,15365233.000000,2.400000
15,0.044444,9704893.600000,3.800000,9704893.600000,3.800000
15,0.048889,10442279.444444,6.222222,10442279.444444,6.222222
15,0.053333,7455260.444444,4.333333,7455260.444444,4.333333
15,0.057778,5871292.111111,2.111111,5871292.111111,2.111111
15,0.062222,6192508.125000,4.250000,6192508.125000,4.250000
15,0.066667,5876515.900000,3.300000,5876515.900000,3.300000
15,0.071111,5506805.000000,1.500000,5506805.000000,1.500000
15,0.075556,3736539.125000,2.750000,3736539.125000,2.750000
15,0.080000,3469802.100000,4.300000,3469802.100000,4.300000
15,0.084444,3241072.125000,2.125000,3241072.125000,2.125000
15,0.088889,3431505.625000,9.500000,3431505.625000,9.500000
15,0.093333,1740254.600000,2.300000,1740254.600000,2.300000
15,0.097778,2511256.625000,13.875000,2511256.625000,13.875000
15,0.102222,2239995.555556,10.888889,2239995.555556,10.888889
15,0.106667,770771.500000,3.875000,770771.500000,3.875000
15,0.111111,1336844.000000,17.250000,1336844.000000,17.250000
15,0.115556,1012812.000000,4.000000,1012812.000000,4.000000
15,0.120000,1524406.600000,7.600000,1524406.600000,7.600000
15,0.124444,938732.500000,9.250000,938732.500000,9.250000
15,0.128889,547419.444444,8.777778,547419.444444,8.777778
15,0.133333,733147.750000,3.375000,733147.750000,3.375000
15,0.137778,886356.428571,6.571429,886356.428571,6.571429
15,0.142222,295208.000000,13.000000,295208.000000,13.000000
15,0.146667,98847.833333,2.166667,98847.833333,2.166667
15,0.151111,210922.222222,3.666667,210922.222222,3.666667
15,0.155556,252761.400000,3.800000,252761.400000,3.800000
15,0.160000,241193.666667,11.666667,241193.666667,11.666667
15,0.164444,222525.500000,3.750000,222525.500000,3.750000
15,0.168889,67550.000000,6.125000,67550.000000,6.125000
15,0.173333,288453.000000,9.000000,288453.000000,9.000000
15,0.177778,101630.200000,13.600000,101630.200000,13.600000
15,0.182222,48770.600000,9.400000,48770.600000,9.400000
15,0.186667,106893.000000,43.571429,106893.000000,43.571429
15,0.191111,110003.285714,7.714286,110003.285714,7.714286
15,0.195556,4553.000000,4.200000,4553.000000,4.200000
15,0.200000,53482.142857,3.571429,53482.142857,3.571429
15,0.204444,71107.166667,21.500000,71107.166667,21.500000
15,0.208889,28300.250000,9.250000,28300.250000,9.250000
15,0.213333,75801.250000,45.000000,75801.250000,45.000000
15,0.217778,18884.142857,6.857143,18884.142857,6.857143
15,0.222222,8356.400000,3.400000,8356.400000,3.400000
15,0.226667,8917.100000,13.000000,8917.100000,13.000000
15,0.231111,32372.750000,4.000000,32372.750000,4.000000
15,0.235556,4559.000000,27.333333,4559.000000,27.333333
15,0.240000,17629.000000,4.000000,17629.000000,4.000000
15,0.244444,6596.666667,6.000000,6596.666667,6.000000
15,0.248889,7493.200000,17.800000,7493.200000,17.800000
15,0.253333,24346.000000,2.500000,24346.000000,2.500000
15,0.257778,10593.200000,15.200000,10593.200000,15.200000
15,0.262222,5699.500000,1.500000,5699.500000,1.500000
15,0.266667,12000.000000,1.000000,12000.000000,1.000000
15,0.271111,6384.000000,19.666667,6384.000000,19.666667
15,0.275556,18507.500000,39.000000,18507.500000,39.000000
15,0.280000,29787.250000,2.750000,29787.250000,2.750000
15,0.284444,278.000000,2.250000,278.000000,2.250000
15,0.288889,3634.250000,2.750000,3634.250000,2.750000
15,0.293333,1275.500000,9.500000,1275.500000,9.500000
15,0.297778,1070.000000,3.500000,1070.000000,3.500000
15,0.302222,2338.750000,59.000000,2338.750000,59.000000
15,0.306667,2526.000000,1.000000,2526.000000,1.000000
15,0.311111,1219.500000,22.500000,1219.500000,22.500000
15,0.315556,0.000000,0.000000,0.000000,0.000000
15,0.320000,2356.666667,9.333333,2356.666667,9.333333
15,0.324444,2926.666667,12.000000,2926.666667,12.000000
15,0.328889,1188.000000,6.000000,1188.000000,6.000000
15,0.333333,1441.500000,2.500000,1441.500000,2.500000
15,0.337778,32.000000,4.000000,32.000000,4.000000
15,0.342222,5307.000000,36.000000,5307.000000,36.000000
15,0.346667,2880.000000,3.000000,2880.000000,3.000000
15,0.351111,0.000000,0.000000,0.000000,0.000000
15,0.355556,0.000000,0.000000,0.000000,0.000000
15,0.360000,0.000000,0.000000,0.000000,0.000000
15,0.364444,0.000000,0.000000,0.000000,0.000000
15,0.368889,0.000000,0.000000,0.000000,0.000000
15,0.373333,234.000000,1.000000,234.000000,1.000000
15,0.377778,0.000000,0.000000,0.000000,0.000000
15,0.382222,0.000000,0.000000,0.000000,0.000000
15,0.386667,4.000000,4.000000,4.000000,4.000000
15,0.391111,0.000000,0.000000,0.000000,0.000000
15,0.395556,0.000000,0.000000,0.000000,0.000000
15,0.400000,24.000000,2.000000,24.000000,2.000000
15,0.404444,0.000000,0.000000,0.000000,0.000000
15,0.408889,0.000000,0.000000,0.000000,0.000000
15,0.413333,0.000000,0.000000,0.000000,0.000000
15,0.417778,0.000000,0.000000,0.000000,0.000000
15,0.422222,0.000000,0.000000,0.000000,0.000000
15,0.426667,0.000000,0.000000,0.000000,0.000000
15,0.431111,0.000000,0.000000,0.000000,0.000000
15,0.435556,0.000000,0.000000,0.000000,0.000000
15,0.440000,0.000000,0.000000,0.000000,0.000000
15,0.444444,0.000000,0.000000,0.000000,0.000000
15,0.448889,0.000000,0.000000,0.000000,0.000000
15,0.453333,0.000000,0.000000,0.000000,0.000000
15,0.457778,0.000000,0.000000,0.000000,0.000000
15,0.462222,0.000000,0.000000,0.000000,0.000000
15,0.466667,0.000000,0.000000,0.000000,0.000000
15,0.471111,0.000000,0.000000,0.000000,0.000000
15,0.475556,0.000000,0.000000,0.000000,0.000000
15,0.480000,0.000000,0.000000,0.000000,0.000000
15,0.484444,0.000000,0.000000,0.000000,0.000000
15,0.488889,0.000000,0.000000,0.000000,0.000000
15,0.493333,0.000000,0.000000,0.000000,0.000000
15,0.497778,0.000000,0.000000,0.000000,0.000000
15,0.502222,0.000000,0.000000,0.000000,0.000000
15,0.506667,0.000000,0.000000,0.000000,0.000000
15,0.511111,0.000000,0.000000,0.000000,0.000000
15,0.515556,0.000000,0.000000,0.000000,0.000000
15,0.520000,0.000000,0.000000,0.000000,0.000000
15,0.524444,0.000000,0.000000,0.000000,0.000000
15,0.528889,0.000000,0.000000,0.000000,0.000000
15,0.533333,0.000000,0.000000,0.000000,0.000000
15,0.537778,0.000000,0.000000,0.000000,0.000000
15,0.542222,0.000000,0.000000,0.000000,0.000000
15,0.546667,0.000000,0.000000,0.000000,0.000000
15,0.551111,0.000000,0.000000,0.000000,0.000000
15,0.555556,0.000000,0.000000,0.000000,0.000000
15,0.560000,0.000000,0.000000,0.000000,0.000000
15,0.564444,0.000000,0.000000,0.000000,0.000000
15,0.568889,0.000000,0.000000,0.000000,0.000000
15,0.573333,0.000000,0.000000,0.000000,0.000000
15,0.577778,0.000000,0.000000,0.000000,0.000000
15,0.582222,0.000000,0.000000,0.000000,0.000000
15,0.586667,0.000000,0.000000,0.000000,0.000000
15,0.591111,0.000000,0.000000,0.000000,0.000000
15,0.595556,0.000000,0.000000,0.000000,0.000000
15,0.600000,0.000000,0.000000,0.000000,0.000000
15,0.604444,0.000000,0.000000,0.000000,0.000000
15,0.608889,0.000000,0.000000,0.000000,0.000000
15,0.613333,0.000000,0.000000,0.000000,0.000000
15,0.617778,0.000000,0.000000,0.000000,0.000000
15,0.622222,0.000000,0.000000,0.000000,0.000000
15,0.626667,0.000000,0.000000,0.000000,0.000000
15,0.631111,0.000000,0.000000,0.000000,0.000000
15,0.635556,0.000000,0.000000,0.000000,0.000000
15,0.640000,0.000000,0.000000,0.000000,0.000000
15,0.644444,0.000000,0.000000,0.000000,0.000000
15,0.648889,0.000000,0.000000,0.000000,0.000000
15,0.653333,0.000000,0.000000,0.000000,0.000000
15,0.657778,0.000000,0.000000,0.000000,0.000000
15,0.662222,0.000000,0.000000,0.000000,0.000000
15,0.666667,0.000000,0.000000,0.000000,0.000000
15,0.671111,0.000000,0.000000,0.000000,0.000000
15,0.675556,0.000000,0.000000,0.000000,0.000000
15,0.680000,0.000000,0.000000,0.000000,0.000000
15,0.684444,0.000000,0.000000,0.000000,0.000000
15,0.688889,0.000000,0.000000,0.000000,0.000000
15,0.693333,0.000000,0.000000,0.000000,0.000000
15,0.697778,0.000000,0.000000,0.000000,0.000000
15,0.702222,0.000000,0.000000,0.000000,0.000000
15,0.706667,0.000000,0.000000,0.000000,0.000000
15,0.711111,0.000000,0.000000,0.000000,0.000000
15,0.715556,0.000000,0.000000,0.000000,0.000000
15,0.720000,0.000000,0.000000,0.000000,0.000000
15,0.724444,0.000000,0.000000,0.000000,0.000000
15,0.728889,0.000000,0.000000,0.000000,0.000000
15,0.733333,0.000000,0.000000,0.000000,0.000000
15,0.737778,0.000000,0.000000,0.000000,0.000000
15,0.742222,0.000000,0.000000,0.000000,0.000000
15,0.746667,0.000000,0.000000,0.000000,0.000000
15,0.751111,0.000000,0.000000,0.000000,0.000000
15,0.755556,0.000000,0.000000,0.000000,0.000000
15,0.760000,0.000000,0.000000,0.000000,0.000000
15,0.764444,0.000000,0.000000,0.000000,0.000000
15,0.768889,0.000000,0.000000,0.000000,0.000000
15,0.773333,0.000000,0.000000,0.000000,0.000000
15,0.777778,0.000000,0.000000,0.000000,0.000000
15,0.782222,0.000000,0.000000,0.000000,0.000000
15,0.786667,0.000000,0.000000,0.000000,0.000000
15,0.791111,0.000000,0.000000,0.000000,0.000000
15,0.795556,0.000000,0.000000,0.000000,0.000000
15,0.800000,0.000000,0.000000,0.000000,0.000000
15,0.804444,0.000000,0.000000,0.000000,0.000000
15,0.808889,0.000000,0.000000,0.000000,0.000000
15,0.813333,0.000000,0.000000,0.000000,0.000000
15,0.817778,0.000000,0.000000,0.000000,0.000000
15,0.822222,0.000000,0.000000,0.000000,0.000000
15,0.826667,0.000000,0.000000,0.000000,0.000000
15,0.831111,0.000000,0.000000,0.000000,0.000000
15,0.835556,0.000000,0.000000,0.000000,0.000000
15,0.840000,0.000000,0.000000,0.000000,0.000000
15,0.844444,0.000000,0.000000,0.000000,0.000000
15,0.848889,0.000000,0.000000,0.000000,0.000000
15,0.853333,0.000000,0.000000,0.000000,0.000000
15,0.857778,0.000000,0.000000,0.000000,0.000000
15,0.862222,0.000000,0.000000,0.000000,0.000000
15,0.866667,0.000000,0.000000,0.000000,0.000000
15,0.871111,0.000000,0.000000,0.000000,0.000000
15,0.875556,0.000000,0.000000,0.000000,0.000000
15,0.880000,0.000000,0.000000,0.000000,0.000000
15,0.884444,0.000000,0.000000,0.000000,0.000000
15,0.888889,0.000000,0.000000,0.000000,0.000000
15,0.893333,0.000000,0.000000,0.000000,0.000000
15,0.897778,0.000000,0.000000,0.000000,0.000000
15,0.902222,0.000000,0.000000,0.000000,0.000000
15,0.906667,0.000000,0.000000,0.000000,0.000000
15,0.911111,0.000000,0.000000,0.000000,0.000000
15,0.915556,0.000000,0.000000,0.000000,0.000000
15,0.920000,0.000000,0.000000,0.000000,0.000000
15,0.924444,0.000000,0.000000,0.000000,0.000000
15,0.928889,0.000000,0.000000,0.000000,0.000000
15,0.933333,0.000000,0.000000,0.000000,0.000000
15,0.937778,0.000000,0.000000,0.000000,0.000000
15,0.942222,0.000000,0.000000,0.000000,0.000000
15,0.946667,0.000000,0.000000,0.000000,0.000000
15,0.951111,0.000000,0.000000,0.000000,0.000000
15,0.955556,0.000000,0.000000,0.000000,0.000000
15,0.960000,0.000000,0.000000,0.000000,0.000000
15,0.964444,0.000000,0.000000,0.000000,0.000000
15,0.968889,0.000000,0.000000,0.000000,0.000000
15,0.973333,0.000000,0.000000,0.000000,0.000000
15,0.977778,0.000000,0.000000,0.000000,0.000000
15,0.982222,0.000000,0.000000,0.000000,0.000000
15,0.986667,0.000000,0.000000,0.000000,0.000000
15,0.991111,0.000000,0.000000,0.000000,0.000000
15,0.995556,0.000000,0.000000,0.000000,0.000000
15,1.000000,0.000000,0.000000,0.000000,0.000000
